{"assets/bg-pexels.png":["assets/bg-pexels.png"],"assets/iconfile.png":["assets/iconfile.png"],"assets/p1.png":["assets/p1.png"],"assets/p2.png":["assets/p2.png"],"assets/p3.png":["assets/p3.png"],"assets/preview.webp":["assets/preview.webp"],"assets/release_notes.txt":["assets/release_notes.txt"],"packages/cupertino_icons/assets/CupertinoIcons.ttf":["packages/cupertino_icons/assets/CupertinoIcons.ttf"],"packages/flex_color_picker/assets/opacity.png":["packages/flex_color_picker/assets/opacity.png"],"packages/mesh_gradient/shaders/animated_mesh_gradient.frag":["packages/mesh_gradient/shaders/animated_mesh_gradient.frag"],"packages/mesh_gradient/shaders/point_mesh_gradient.frag":["packages/mesh_gradient/shaders/point_mesh_gradient.frag"]}